<?xml version="1.0" encoding="UTF-8"?>
<project-private xmlns="http://www.netbeans.org/ns/project-private/1">
    <editor-bookmarks xmlns="http://www.netbeans.org/ns/editor-bookmarks/2" lastBookmarkId="0"/>
    <open-files xmlns="http://www.netbeans.org/ns/projectui-open-files/2">
        <group>
            <file>file:/Z:/School/Self%20Projects/2017/4.25.17-TreeMap/src/pkg4/pkg25/pkg17/treemap/TreeMapPopulation.java</file>
            <file>file:/Z:/School/Self%20Projects/2017/4.25.17-TreeMap/src/pkg4/pkg25/pkg17/treemap/TreeMapHelper.java</file>
            <file>file:/Z:/School/Self%20Projects/2017/4.25.17-TreeMap/src/pkg4/pkg25/pkg17/treemap/TopCareers.java</file>
        </group>
    </open-files>
</project-private>
